paper_id,class_label
100157,Agents
100598,IR
101570,ML
10227,ML
102637,AI
103027,Agents
104045,DB
104129,IR
105684,Agents
106003,IR
106339,DB
107700,AI
108321,ML
108573,DB
108580,ML
110962,DB
11099,DB
111340,DB
111958,Agents
112493,AI
11264,ML
114091,AI
11423,AI
114563,ML
114630,Agents
11510,AI
115390,Agents
115410,DB
115971,Agents
116087,IR
116696,DB
116882,IR
11708,Agents
117999,IR
11805,AI
119174,IR
119409,HCI
119642,ML
120432,AI
12060,AI
12247,ML
122529,DB
12369,DB
124100,ML
124833,AI
125291,HCI
125615,Agents
126894,HCI
128239,IR
128773,DB
128910,ML
130387,Agents
131492,ML
131669,ML
13229,DB
132458,IR
132577,DB
133494,ML
13423,AI
137638,AI
138121,AI
13839,ML
138451,DB
140079,ML
140169,Agents
142848,DB
14331,DB
146066,DB
14648,ML
14656,DB
147375,DB
147445,ML
147521,DB
147739,DB
149759,AI
150449,HCI
150514,DB
15156,DB
1529,DB
15340,DB
154973,ML
155240,Agents
156949,DB
157013,ML
157253,DB
159727,ML
161260,HCI
162298,ML
1625,ML
162738,ML
162997,DB
1639,ML
164846,IR
164953,DB
165504,IR
16755,ML
16892,DB
169000,DB
171304,ML
172324,DB
172950,DB
17752,ML
180347,DB
18124,IR
184462,ML
184682,Agents
185650,ML
186241,DB
186486,Agents
187087,Agents
187693,DB
18832,DB
18855,DB
18915,IR
1894,IR
19017,Agents
190915,DB
191426,DB
19199,DB
192612,IR
192987,IR
194227,IR
19461,ML
19462,DB
194986,HCI
196348,DB
196686,ML
196762,DB
197022,IR
198191,Agents
198731,Agents
199764,ML
200188,Agents
200824,ML
20100,ML
201746,DB
201850,DB
201909,Agents
202510,ML
202521,DB
202938,DB
203721,Agents
20379,AI
20419,DB
205160,Agents
20543,DB
2056,DB
20587,ML
206485,ML
206655,IR
20706,DB
208646,ML
208788,IR
210,ML
2102,ML
210603,IR
210930,AI
21158,ML
212779,IR
21283,DB
212834,Agents
214340,DB
215383,Agents
215779,IR
21655,ML
220216,Agents
22140,ML
22187,ML
22358,DB
226124,IR
226296,Agents
226643,HCI
226856,DB
227347,ML
22778,DB
22863,IR
22903,DB
230265,Agents
231484,ML
23217,DB
232607,Agents
232670,DB
232896,DB
233063,Agents
233508,DB
23381,AI
235064,IR
235157,ML
235466,Agents
236095,IR
236597,ML
23780,ML
23799,DB
239748,Agents
240151,HCI
240825,ML
241799,Agents
242172,Agents
242836,HCI
243029,HCI
24318,DB
243680,Agents
243743,ML
243755,Agents
243827,Agents
24402,AI
244548,DB
245254,ML
24549,DB
246390,DB
24678,DB
249151,DB
249633,DB
250204,Agents
250432,Agents
250815,Agents
251052,HCI
25137,AI
251444,DB
252229,HCI
25225,DB
253088,DB
25329,DB
254041,DB
254597,IR
254693,DB
257148,HCI
257383,Agents
257460,HCI
257648,DB
25809,DB
261630,ML
261862,HCI
263737,DB
263968,DB
26484,ML
265990,IR
266462,ML
26655,ML
266823,ML
267501,Agents
267537,ML
267965,IR
269982,AI
27008,DB
270207,HCI
270469,IR
270678,Agents
271013,IR
271585,IR
272797,DB
273596,Agents
273716,AI
274436,HCI
275630,IR
27645,DB
276915,HCI
277650,ML
277897,ML
278114,DB
279508,IR
28031,ML
280639,DB
28223,AI
282608,DB
28307,ML
28315,DB
284454,IR
284772,Agents
285081,DB
286829,DB
288424,HCI
289242,DB
289676,ML
28981,DB
290879,ML
291240,HCI
291837,HCI
292223,HCI
292524,IR
292710,DB
29319,AI
293286,DB
293552,Agents
294031,DB
294039,HCI
294238,ML
294630,ML
295186,IR
295196,Agents
29551,AI
295535,Agents
295735,DB
296568,IR
29745,AI
297471,DB
298012,DB
298502,IR
298782,IR
298827,AI
298894,DB
299008,DB
300048,ML
300232,Agents
300584,DB
300668,DB
300852,IR
301428,DB
301461,Agents
301891,HCI
30237,Agents
302575,Agents
302729,Agents
303146,ML
303350,ML
303620,DB
303963,Agents
304865,DB
30494,ML
30500,Agents
305534,ML
306088,HCI
306507,Agents
306529,ML
307090,IR
307133,DB
307172,DB
307268,ML
307463,IR
308750,IR
308770,DB
308936,HCI
308951,ML
309072,ML
310158,ML
310437,IR
311175,DB
311589,IR
311786,ML
31199,AI
312028,DB
31326,ML
313926,ML
314295,IR
314563,DB
314651,DB
315017,DB
315153,DB
315280,DB
315336,DB
316064,ML
316446,HCI
317766,DB
318212,Agents
319242,HCI
319653,IR
320482,DB
32197,DB
32215,ML
322267,ML
322562,Agents
323158,Agents
323163,DB
323867,IR
323955,ML
32409,AI
324100,IR
32521,DB
326373,ML
327415,ML
32742,DB
327456,ML
32746,ML
328087,IR
328242,HCI
32986,AI
329890,AI
329899,IR
330661,DB
33084,AI
332050,Agents
332262,AI
332626,DB
332789,ML
333040,HCI
33385,DB
335912,ML
336904,ML
337032,ML
337690,DB
339430,ML
340027,DB
340329,HCI
340342,ML
340473,IR
340534,Agents
340855,DB
34099,ML
342407,ML
34291,IR
34322,ML
34341,ML
343493,IR
344548,DB
345377,IR
346149,ML
346630,IR
346876,IR
346889,IR
346939,IR
348038,ML
348716,ML
3489,AI
351802,DB
352769,DB
352789,DB
353348,DB
354467,Agents
35592,ML
356540,DB
35804,DB
35997,ML
3602,AI
360736,IR
360831,HCI
362156,HCI
362175,IR
362539,ML
363813,DB
364207,Agents
364516,IR
366169,HCI
36645,AI
366926,HCI
367226,HCI
367649,HCI
369039,DB
369356,IR
373023,Agents
3733,ML
373513,IR
373966,IR
373986,Agents
374208,HCI
374383,Agents
375253,HCI
375424,IR
375693,IR
376145,IR
376260,DB
376734,ML
376961,DB
377458,HCI
37804,AI
380343,IR
381995,HCI
382181,DB
382301,ML
382379,DB
382561,HCI
383150,IR
383856,DB
38408,AI
38463,ML
384644,ML
385259,Agents
386167,DB
386535,Agents
386938,Agents
387202,IR
387378,DB
38848,Agents
388587,HCI
388718,DB
389181,AI
38927,DB
390217,Agents
391515,IR
392483,Agents
395537,DB
396385,HCI
397163,HCI
399288,Agents
399430,Agents
40032,DB
400733,IR
402224,AI
402592,ML
403850,Agents
404966,Agents
40506,IR
40513,DB
405310,DB
405764,Agents
406330,HCI
406717,IR
406866,ML
408262,IR
408356,DB
409432,DB
409610,Agents
410405,IR
412057,IR
412941,Agents
412974,Agents
414073,IR
414088,ML
415056,IR
415300,AI
415731,IR
416413,HCI
41721,DB
417409,HCI
41784,IR
418446,Agents
419282,AI
42037,ML
420411,HCI
420817,HCI
421280,ML
421686,Agents
422169,IR
423028,HCI
424127,IR
4251,ML
425424,AI
428001,HCI
428316,HCI
42875,IR
43223,HCI
433736,ML
43410,AI
43488,DB
43511,DB
435716,IR
4363,ML
437003,Agents
43702,ML
438351,HCI
440022,HCI
440239,DB
440714,AI
440927,IR
441053,ML
441105,DB
441191,IR
441239,DB
441373,DB
441527,HCI
441654,ML
441927,Agents
442160,ML
442161,Agents
442794,Agents
442965,IR
442980,IR
443403,Agents
443654,ML
443668,HCI
443686,AI
443805,HCI
443913,HCI
444362,IR
444471,HCI
444527,Agents
445103,IR
445127,Agents
445175,Agents
445220,IR
445235,Agents
445591,IR
445758,Agents
445880,Agents
446289,HCI
446538,HCI
446625,Agents
447337,AI
448486,DB
448769,Agents
44892,AI
448928,DB
449007,ML
449211,Agents
449447,IR
4495,DB
449513,HCI
449529,Agents
449621,IR
449668,Agents
449669,IR
449833,DB
449876,ML
450055,Agents
450284,HCI
450405,HCI
45086,ML
451065,AI
451495,Agents
452192,IR
452225,Agents
452308,IR
452506,ML
452812,HCI
453199,ML
453210,DB
453469,HCI
453602,IR
453663,DB
453805,IR
453948,Agents
453969,IR
453999,DB
454034,IR
454077,DB
454124,IR
454190,IR
454312,HCI
454519,DB
454621,IR
454640,DB
454762,HCI
454876,IR
455220,ML
455229,HCI
455336,DB
455346,ML
45542,ML
455426,DB
455511,DB
455651,IR
455655,IR
455679,IR
455692,DB
455694,IR
455752,IR
455785,IR
455961,IR
455997,Agents
456004,IR
456508,ML
457130,Agents
457229,HCI
457268,ML
457393,HCI
457459,HCI
457569,DB
457806,AI
4579,DB
458208,Agents
458592,AI
458600,DB
458630,HCI
458790,HCI
4588,IR
458848,HCI
459109,HCI
459183,HCI
459233,IR
459286,DB
45929,Agents
459526,Agents
45960,DB
459887,ML
460214,HCI
460350,IR
460612,HCI
460628,DB
460643,HCI
460667,ML
460784,Agents
460958,IR
461165,HCI
461688,IR
461740,ML
461789,DB
462179,ML
462285,DB
463357,Agents
46363,ML
464421,HCI
464721,DB
465022,HCI
4664,AI
467024,Agents
467320,ML
467872,ML
467998,Agents
46840,ML
46858,DB
469106,DB
469172,HCI
470087,HCI
470345,ML
470572,IR
471147,ML
471293,HCI
471747,IR
472493,HCI
472783,IR
474167,Agents
474192,HCI
475183,IR
475379,IR
475405,IR
475504,Agents
47625,ML
476368,AI
476601,IR
47700,ML
477302,HCI
478335,Agents
478775,IR
4799,ML
480065,IR
480233,ML
48055,IR
48156,Agents
482071,Agents
482081,HCI
483730,IR
483769,ML
484682,Agents
485557,Agents
485564,HCI
486074,DB
486097,Agents
487698,Agents
487737,ML
487862,Agents
488116,Agents
488171,HCI
488525,IR
488749,HCI
489180,DB
489313,Agents
490051,ML
491166,Agents
491341,IR
49194,Agents
492009,IR
492133,HCI
493671,HCI
493991,Agents
494121,Agents
494575,HCI
49524,HCI
495550,DB
496354,DB
496719,ML
496736,IR
496883,Agents
497508,Agents
498960,Agents
499374,Agents
499517,Agents
500641,IR
50068,AI
501178,Agents
50141,Agents
50203,AI
502274,HCI
502491,Agents
502499,IR
502516,DB
502642,HCI
503243,HCI
50337,Agents
503542,IR
504171,HCI
504568,IR
505452,AI
505987,Agents
506324,DB
506507,HCI
506993,HCI
507172,ML
507954,Agents
508147,Agents
508492,IR
508515,DB
508732,IR
508816,HCI
508859,HCI
509024,Agents
509627,IR
509693,Agents
509713,IR
509763,IR
509926,Agents
510049,HCI
510071,DB
510100,Agents
510172,ML
51036,DB
510434,ML
511280,HCI
511540,IR
513722,ML
51542,AI
515869,HCI
51607,ML
516803,DB
517801,IR
518092,IR
518472,ML
518526,DB
5188,ML
520300,IR
520409,IR
520488,IR
520593,ML
521000,ML
5234,ML
524282,HCI
524726,IR
524920,IR
524967,IR
525023,HCI
525119,HCI
525378,ML
525666,Agents
52576,AI
526346,IR
526525,IR
526689,IR
527187,ML
527235,IR
527452,Agents
527475,Agents
527578,IR
527640,Agents
527800,DB
528220,IR
528700,IR
528932,IR
529138,DB
529503,ML
529556,IR
529793,IR
529964,IR
529980,Agents
530008,IR
530219,ML
530815,DB
531526,ML
531549,Agents
531713,Agents
531754,Agents
531861,Agents
531878,HCI
531895,HCI
53191,ML
531929,IR
532128,IR
532140,Agents
532227,Agents
532267,ML
532291,Agents
532373,Agents
532537,Agents
532672,ML
532865,IR
533604,ML
533620,AI
533789,IR
533891,HCI
533894,HCI
534078,IR
534081,IR
534400,HCI
534720,DB
535112,HCI
535300,Agents
535484,IR
535578,IR
535887,Agents
536016,IR
536579,IR
536952,HCI
536962,DB
536996,IR
537064,ML
537127,HCI
537134,IR
537176,Agents
537391,DB
537581,IR
537667,AI
537920,IR
538003,ML
538013,HCI
538247,IR
538839,IR
538938,DB
539185,HCI
539207,Agents
539227,HCI
539286,IR
539420,ML
539761,Agents
539922,HCI
539969,IR
540018,Agents
540061,DB
540380,IR
540501,Agents
540663,HCI
540845,IR
54866,ML
5541,DB
55643,DB
55740,AI
55934,Agents
56093,Agents
56124,IR
56231,ML
57205,AI
57340,ML
5749,IR
59359,ML
60136,IR
60236,IR
60365,DB
60728,DB
60765,ML
61706,AI
62580,DB
62931,AI
63224,DB
63694,Agents
6411,ML
64225,AI
6439,AI
64654,ML
64765,ML
65714,IR
65816,IR
66053,Agents
66208,ML
66638,AI
67194,ML
6729,HCI
67522,AI
67963,AI
68306,ML
68623,AI
6875,ML
68836,IR
69807,ML
70265,ML
70288,ML
7036,IR
70863,HCI
71059,Agents
71076,Agents
71092,DB
73094,ML
73250,ML
73259,ML
73962,ML
74239,ML
7436,AI
74893,AI
74980,ML
75123,ML
7537,ML
75402,AI
75800,ML
76283,AI
77029,ML
77796,DB
7785,ML
78138,DB
78173,DB
78547,IR
79013,ML
7980,ML
81142,AI
8204,ML
82362,IR
8263,Agents
82834,HCI
82903,DB
83140,ML
83259,AI
83444,AI
83728,AI
84358,DB
845,ML
84828,ML
84830,IR
85838,AI
87014,AI
87928,IR
88449,IR
89078,HCI
8922,HCI
89384,AI
8956,IR
89879,AI
90208,IR
90507,IR
90601,ML
9105,IR
91978,AI
92649,ML
940,IR
94069,IR
94992,Agents
9546,ML
95715,DB
9576,DB
95810,AI
95871,DB
9619,DB
96518,DB
9683,DB
98111,ML
98937,DB
abberley99thisl,IR
abdennadher00experimental,DB
abecker01decor,IR
abello99maximum,IR
aberg01collection,IR
abiteboul01representing,DB
abiteboul98logical,IR
abonyi00structure,ML
abonyi01modified,ML
abonyi02datadriven,AI
abowd00charting,HCI
abowd00classroom,HCI
abraham00hybrid,AI
abraham00optimal,AI
accot97beyond,HCI
acharya98active,DB
acharya99selectivity,DB
adams99stable,HCI
advani99integrating,DB
adya00generalized,DB
afrati02answering,DB
agarwal01time,DB
aggarwal01intelligent,IR
agichtein01learning,IR
agouris98intelligent,IR
agrawal00athena,IR
aguil00querying,DB
aha91casebased,ML
aha97casebased,ML
aha97learning,ML
aha98feature,ML
aha98omnipresence,ML
ahamad99scalable,DB
ahanger99technique,IR
aiello01ontological,Agents
aiken98abc,Agents
aksoy98textural,DB
alberto00pattern,AI
alferes98dynamic,DB
ali00incremental,DB
ali98implementing,AI
allen01towards,HCI
allen99control,Agents
almeida01analyzing,IR
altamura00transforming,IR
althoff99using,ML
alvarez00web,IR
amato98obprm,AI
amato98supporting,IR
amato99probabilistic,AI
ambite00flexible,DB
ambite01fast,DB
ambite01simplifying,DB
ambite98ariadne,DB
ambroszkiewicz97model,Agents
ambroszkiewicz98cooperation,Agents
ambroszkiewicz98team,Agents
ambroszkiewicz99agent,Agents
amer-yahia00boundingschemas,DB
amin01agentbased,Agents
amin02dynamic,Agents
amin02towards,Agents
amin99agentoriented,Agents
amiri00dynamic,DB
amiri00highly,DB
amitay00incommonsense,IR
amitay98using,IR
amyot00extension,DB
anastasi99reliable,HCI
andersen00what,HCI
andersson99intelligent,Agents
ando03mostlyunsupervised,IR
andre98integrating,Agents
andre99integrating,HCI
antifakos01exploration,HCI
antoniou98normal,DB
aoki99realtime,HCI
appiani00multiagent,Agents
apte01ai,AI
arai01multiagent,Agents
arampatzis00evaluation,IR
arampatzis00term,IR
ardissono00plan,Agents
ardissono01tailoring,IR
ardissono96uso,Agents
argamon98routing,IR
arge02optimal,DB
arge99efficient,DB
arimura01efficient,IR
arisha99impact,Agents
arkin98cooperative,AI
arlein99making,DB
arleo00spatial,ML
arleo99neuromimetic,ML
armstrong99boticelli,AI
aron99efficient,DB
aroyo02layered,IR
arpinar00open,IR
artale00expressivity,DB
artale01reasoning,DB
artale01temporal,DB
artale02temporal,DB
asada00overview,AI
asada98robocup,AI
ashbrook02learning,HCI
ashish98optimizing,AI
ashri00paradigma,AI
aslam98static,DB
athitsos01appearancebased,HCI
athitsos01hand,HCI
athnes00human,HCI
attardi99theseus,IR
auer00hybrid,HCI
aylett00applying,Agents
azuma99challenge,HCI
azuma99tracking,HCI
baader98matching,AI
bachpedersen98multidimensional,DB
baek01cost,Agents
baerentzen97learning,Agents
bagnell01autonomous,ML
bahle02efficient,IR
bailey01analysis,DB
bailey01engineering,IR
bailey02eventconditionaction,DB
bailey95active,Agents
baker00hallucinating,ML
baker01heuristic,HCI
baker98distributional,ML
baker98survey,Agents
bakker01lart,HCI
balch94communication,Agents
baldan01mutaclp,DB
baldoni00intentionguided,Agents
balke00applications,DB
baltsavias00integrating,DB
bandi98space,AI
banko99generating,IR
baral00reasoning,Agents
baralis00algebraic,DB
barbosa01tox,DB
bardram97plans,HCI
baron99voxelbased,ML
barros96business,HCI
barros97integrated,HCI
barros97towards,HCI
bartoli00online,DB
bartoli01three,AI
bartoli02nonlinear,AI
bartolini01feedbackbypass,DB
barve99modeling,DB
basili00language,IR
basin99reflective,ML
bass01glimpse,AI
bassiliades00edevice,DB
bassiliades01interbasekb,DB
bastert01landscapes,AI
basu01evaluating,IR
bates98state,HCI
bates98using,HCI
bauer00programming,IR
bauer01design,HCI
bauer99infobeans,IR
bauer99trias,Agents
bauer99where,HCI
baulier00datablitz,DB
baumgartner01supervised,IR
baxter01dab,HCI
bazzan99moral,Agents
beaudouin-lafon00instrumental,HCI
bechhofer01oiled,IR
becker99gripsee,Agents
bederson00jazz,HCI
bederson95pad,HCI
beeferman99statistical,ML
beetz98causal,AI
behringer98improving,HCI
beigi97metaseek,IR
beigl00mediacups,HCI
beimel99oneway,IR
bellardo00implementing,AI
bellatreche00what,DB
bellavista01how,Agents
ben-ameur02multiitem,Agents
benerecetti97model,Agents
benetti01sidesigner,DB
beneventano00information,DB
benford00designing,HCI
benitez98contentbased,IR
benitez98using,IR
bennett00combinations,Agents
benoit98audiovisual,HCI
bentley99three,ML
benton98compiling,DB
benzaken98static,DB
bergamaschi01mobile,Agents
bergamaschi98intelligent,DB
bergamaschi98semantic,DB
bergamaschi99intelligent,DB
bergamaschi99semantic,DB
bergmark02collection,IR
bergmark02focused,IR
bergo01text,IR
bernstein00data,DB
bernstein00panel,DB
bernstein00vision,DB
bertelsen99augmenting,HCI
bertelsen99dynamics,HCI
bertino01measuring,IR
bertino98definition,DB
bertino99approach,DB
bertino99conceptual,IR
bertino99enhancing,DB
bettini01klava,Agents
bettini01xklaim,Agents
bettini99symbolic,DB
beuster00mia,HCI
bhalotia02keyword,IR
bharat98improved,IR
bharat99comparison,IR
bieman01finding,IR
bihlmeyer98dlv,DB
bilgic97risk,Agents
bilgic97system,Agents
billard98experiments,AI
billinghurst98wearable,HCI
billsus00learning,HCI
binder01design,Agents
bird01olac,IR
bishop98gtm,ML
biskup00constraints,DB
biskup00decomposition,DB
bjrk00powerview,HCI
black98probabilistic,DB
blockeel00executing,DB
blockeel98topdown,DB
blok00top,DB
blum01learning,IR
bohlen00temporal,DB
bohlin00path,AI
bohte00current,IR
boley99document,IR
boll99emp,DB
bollacker98citeseer,Agents
bollacker99system,IR
boloni99multiplane,Agents
bolotov99clausal,DB
bomze99maximum,ML
bonchi01data,DB
bonchi01web,DB
boncz98flattening,DB
bongard00legion,ML
bonifati01pushing,DB
bonifati01warehousing,DB
bonner98logic,DB
bonner98state,DB
bonnet00query,DB
bonnet98partial,DB
bonnet99query,DB
borchers00pattern,HCI
boros98how,ML
borrajo93bounded,ML
botchers96layout,HCI
bouguettaya99using,DB
bourdeau99three,ML
boutilier01partialorder,Agents
bowling01convergence,Agents
bowling01rational,ML
bowling02multiagent,Agents
bowman01hybrid,DB
bowman01introduction,HCI
bowman99interaction,HCI
boyack01information,HCI
boyapati00towards,AI
boyle00grouplab,HCI
bozzano99logic,Agents
brabrand99ltbigwiggt,DB
bradford98performance,DB
bradford98pruning,ML
bradford99characterization,DB
bradley98mathematical,ML
bradshaw97introduction,HCI
brafman98knowledge,AI
brand00style,ML
brandes01visual,IR
brandt00antisocial,Agents
brandt00exploring,Agents
brandt00task,Agents
brandt01antisocial,Agents
brandt01cryptographic,Agents
brandt01vicious,Agents
brass98semantics,DB
brass99computation,DB
brass99equivalence,DB
braumandl00functional,DB
braumandl98evaluating,DB
brazier01automated,Agents
brazier02agent,Agents
brazier99compositional,Agents
breazeal98regulating,AI
bredin99economic,Agents
brewington99mobile,Agents
bridge98defining,ML
brin98anatomy,IR
brin98what,IR
broekstra02enabling,IR
broersen00leveled,Agents
broersen01boid,Agents
brown01switch,ML
brown98iadea,AI
brown98utility,HCI
brown99active,HCI
bruckner01managing,DB
bruderlin97hierarchical,Agents
brumitt00better,HCI
bruni00algebraic,DB
bruni01two,DB
bruno01stholes,DB
bruno02evaluating,DB
brusilovsky98adaptive,HCI
bruyninckx00autonomous,ML
bryce99coordination,Agents
bryson00architectures,Agents
bryson00crossparadigm,Agents
bryson00hypothesis,Agents
bryson00making,Agents
bryson00study,Agents
bryson01modularity,Agents
buckinghamshum00scholonto,IR
buffet02adaptive,ML
bui99invariant,ML
buneman98equality,DB
buneman98path,DB
burke01salticus,IR
burkhard99bdi,Agents
burnett00exception,HCI
burnett01forms,HCI
busetta99jack,Agents
bush01styx,Agents
busi00expressiveness,HCI
busi01some,Agents
butz00augmenting,HCI
butz01algorithmic,ML
buyukkokten00seeing,HCI
buyukkokten99exploiting,IR
bylund99coordinating,HCI
cabrera01proactive,DB
cabri00mars,Agents
cabri00xml,Agents
cabri01engineering,Agents
cabri98reactive,IR
cacheda01superimposing,IR
cachin99computationally,IR
cadoli98survey,AI
cai01geovibe,IR
cakmakci02context,HCI
cal01accessing,DB
cal02expressive,DB
callan99automatic,IR
calvanese00containment,DB
calvanese01description,DB
calvanese02lossless,DB
calvanese99unifying,DB
camacho00multiagent,Agents
camacho00travelplan,Agents
camacho01mapweb,Agents
camerer00ewa,ML
campos01searching,IR
cantu-paz00combining,AI
cantu-paz00using,AI
caputo01from,AI
caragea01analysis,IR
carbonell98report,IR
cardie93using,ML
cardie97improving,ML
cardie99guest,ML
cardie99integrating,ML
carkacioglu02learning,AI
caropreso00statistical,IR
carr01conceptual,IR
carreras01hybrid,ML
carro99concurrency,AI
carson99blobworld,IR
carvalho00genetic,ML
carvalho00hybrid,ML
carver00methodology,AI
casati01improving,DB
casillas00improving,ML
casillas00methodology,ML
casillas01different,ML
cassell00more,HCI
cassell00nudge,HCI
cassell01more,HCI
cassell02mack,HCI
cassell99fully,Agents
cassell99requirements,Agents
castelfranchi99deliberate,Agents
castillo99gpropii,ML
cavedon95logical,Agents
cavedon95revisiting,Agents
ceska01generating,Agents
cetintemel00selfadaptive,IR
chagas98learning,ML
chakrabarti01integrating,IR
chakrabarti02accelerated,IR
chakrabarti98automatic,IR
chakrabarti98scalable,DB
chalmers98order,IR
chamberlin00quilt,DB
chan98approximate,ML
chan98toward,ML
chan99possible,DB
chang98data,IR
chang98global,IR
chang99approximate,DB
chang99automatic,DB
chantemargue99collective,Agents
chaudhri98okbc,AI
chen00algebraic,DB
chen00features,IR
chen00niagaracq,DB
chen00websail,IR
chen01detection,DB
chen01optimal,AI
chen01txnwrap,DB
chen98learningbased,ML
chen98webmate,IR
chen99dna,ML
chen99dynamic,Agents
chen99introducing,ML
cheverst00developing,HCI
chien00comparative,DB
chien00version,DB
chien01ecient,DB
chien01efficient,DB
chirkova00linearly,DB
chiu99meta,DB
chiueh99charm,DB
cho00estimating,DB
cho00synchronizing,DB
cho02parallel,IR
choi00randomized,AI
choi01probabilistic,AI
chomicki99animating,DB
choppy00control,DB
chothia01distributed,Agents
christel98information,IR
christel99interactive,HCI
christiansen99integrity,DB
christina99detecting,ML
christophides00community,DB
chu-carroll99conflict,Agents
chung01dynamic,DB
ciaccia00imprecision,DB
ciancarini02coordination,Agents
cicirello01ant,ML
cicirello01wasp,Agents
ciravegna00bringing,IR
ciravegna00learning,ML
ciravegna01lp,IR
clark00finding,HCI
clark00location,HCI
clark00what,HCI
clarke01exploiting,IR
clarkson00recognizing,HCI
claypool01sangam,DB
claypool99combining,IR
claypool99optimizatizing,DB
claypool99ounce,DB
cleary00generating,IR
clifton01privacy,DB
cluet99using,DB
codish98efficient,DB
codish98widening,DB
coelho00developing,ML
coellocoello99treating,ML
coellocoello99updated,ML
coetzee00feature,IR
cohen00learning,ML
cohen01equix,IR
cohen01learning,IR
cohen98integration,IR
cohen98joins,DB
cohn01missing,IR
cohn01qualitative,HCI
collier99genia,IR
combs99does,HCI
conati00toward,HCI
conrad00xml,IR
consortium00corporate,Agents
convey01data,DB
coppin00eventscope,HCI
coppin01reality,HCI
corradi01policy,Agents
couvreur99speaker,IR
cox96introspective,ML
cox99model,DB
crabbe01goal,ML
crabbe01multiple,ML
crabbe99secondorder,Agents
crabtree98wearable,HCI
craswell00server,IR
craswell01effective,IR
craven98learning,IR
cremers00diffusionsnakes,ML
cremonini00ruling,Agents
crescenzi01roadrunner,IR
critchlow00datafoundry,DB
critchlow98automatic,DB
critchlow98metadata,DB
crutchfield99evolutionary,ML
cruz99preserving,IR
cruz99user,HCI
cugola01peerware,IR
cui01lineage,DB
cui99practical,DB
cumby00relational,ML
cummins99automatic,ML
cummins99language,ML
cunningham01developing,IR
cunningham99experience,IR
cussens99loglinear,AI
cvetkovic99genetic,ML
czajkowski98jres,IR
daelemans97featurerelevance,ML
dahl99eel,Agents
dam01antitonic,ML
damiani97semantic,IR
damiani97structuring,IR
dantsin99complexity,AI
das98rule,ML
datta98case,DB
dautenhahn99bringing,AI
dautenhahn99studying,Agents
david01agentbased,Agents
davison00topical,IR
davison98applying,ML
davison99discoweb,IR
dayal01business,DB
dean99finding,IR
debenham99multiagent,Agents
decarolis00verbal,Agents
decker01extending,IR
decker01multiagent,Agents
decker95coordination,Agents
decker95environment,Agents
decker98coordinating,Agents
decleir99database,DB
defago00totally,DB
defalco98optimizing,ML
degaris00simulating,ML
degaris99building,AI
degaris99evolving,ML
degeratu01latencydependent,ML
degiacomo99incremental,Agents
dejong01multilayer,Agents
dekhtyar99probabilistic,DB
delgado99multiagent,Agents
deligiannidis02dlove,HCI
della99internet,IR
deloach01analysis,Agents
deloach01specifying,Agents
deloach02analysis,Agents
deloach99multiagent,Agents
demeer00programmable,Agents
dempski99augmented,HCI
denoue00annotation,IR
denti00luce,Agents
denti99from,Agents
deraedt01three,ML
deraedt98three,DB
deutschmann98compressive,ML
devanbu99chime,DB
devaney98needles,ML
devedzic01knowledge,Agents
deweerdt00plan,Agents
dewhurst98knowledge,DB
dey01distributed,HCI
dey99conference,HCI
dhillon01coclustering,IR
dhillon01concept,IR
diaconescu99componentbased,DB
diao00comparative,IR
diao00toward,Agents
dicaro98antnet,ML
dick99mocsyn,ML
diehl00vrml,HCI
dietterich98approximate,ML
dignum00towards,Agents
dimitrova02web,IR
ding01probabilistic,IR
dinn99active,DB
dinverno97formal,Agents
dipasquo98using,IR
dipietro99experiences,Agents
distefano01coordinating,Agents
dix00impact,DB
dix00multi,DB
dix01metaagent,Agents
dix98nonmonotonic,AI
dix99places,HCI
dixon00resolutionbased,Agents
dlrg02background,IR
doan99efficiently,DB
dolan00benchmarking,AI
dom99mining,IR
domingos00mining,HCI
domingos99metacost,ML
dong99maintaining,DB
donini98allog,DB
dorohonceanu00novel,HCI
dotsch00tic,ML
dotsch96good,ML
dourish01seeking,HCI
dragoni00mental,Agents
dragoni00updating,Agents
dreilinger96information,IR
dreilinger97experiences,IR
driessens01speeding,ML
drori00using,IR
drori01algorithm,IR
druin01designing,IR
druin99designing,HCI
druin99role,HCI
drummond97using,ML
du97categorization,Agents
du98vulnerability,Agents
dubois00augmented,HCI
dubois99classification,HCI
duch00computational,IR
duch00eliminators,IR
duch00optimization,ML
duch98minimal,ML
duch98optimization,ML
dumais00hierarchical,IR
dumais01optimizing,IR
dumas98handling,DB
dumas99sequencebased,DB
dunlop00development,IR
dutech01multiagent,Agents
dwork01rank,IR
dwyer99flow,DB
dwyer99patterns,AI
dyreson99capturing,DB
dyreson99efficiently,DB
dzeroski98detecting,DB
edmond98achieving,DB
edwards97systematic,HCI
efe00shape,IR
ehlert01intelligent,Agents
ehlert01reactive,Agents
ehmann01accurate,AI
eidenbenz00atomi,DB
eijk98informationpassing,Agents
eiter00data,DB
eiter00difference,DB
eiter00extension,DB
eiter98firstorder,AI
eliassi-rad00instructable,ML
elio00task,Agents
emmerich00implementing,Agents
emmerich00software,DB
emmerich99incremental,HCI
erdem98task,AI
eriksson98sics,Agents
eriksson98to,Agents
erni98generic,DB
erwig00querybytrace,DB
escudero00boosting,ML
escudero00portability,ML
esposito00machine,IR
essa99computer,HCI
esteban01using,IR
ester00dctree,DB
estlin98using,ML
evans01itr,Agents
evers00jacob,HCI
ezeife01selecting,DB
faber98representing,DB
faber99using,DB
faensen01hermes,IR
falk99amplifying,HCI
falk99bubblebadge,HCI
fan01splitting,Agents
fang98computing,IR
faruquie00translingual,HCI
fauvet99applying,DB
fayyad98initialization,ML
feder00computing,DB
federici95advances,ML
fegaras98new,DB
fegaras98query,DB
fegaras99voodoo,DB
feiner99importance,HCI
feiner99wearing,HCI
fels98glovetalkii,ML
feng01towards,IR
fensel00workshop,IR
fensel98ontobroker,IR
fent00logical,DB
ferguson95role,Agents
ferhatosmanoglu01approximate,DB
ferhatosmanoglu01constrained,IR
feris00detection,HCI
feris00tracking,HCI
fernandes00combining,DB
fernyhough99constructing,ML
ferragina98string,DB
fertig99fuzzy,ML
fickas99when,HCI
fiebig97raw,IR
fikes99distributed,AI
filho98gathering,HCI
filliat00active,ML
filliat99incremental,ML
fink99adaptable,HCI
finn01fact,IR
finn02genre,IR
finney02learning,ML
fischer00user,HCI
fischer96intelligent,Agents
fjeld98build,HCI
fjeld98graspable,HCI
fjeld99designing,HCI
fjeld99exploring,HCI
flach00abduction,DB
flach98strongly,AI
flach99firstorder,DB
flake00agents,Agents
flake00efficient,IR
flake01towards,Agents
flake02extracting,IR
flake02selforganization,IR
flamm01barrier,AI
flank98layered,IR
fleuret99graded,ML
florescu00integrating,DB
florescu99performance,DB
florescu99query,DB
folch00typtex,IR
forlizzi99data,DB
fox98active,ML
fox98position,AI
fox99gateway,DB
fox99sentinel,DB
franconi00general,DB
franconi00icom,DB
frank98generating,ML
frank99naive,ML
fraternali98proceedings,DB
freitag99information,ML
freitas98pkdd,ML
french98evaluating,IR
french99effective,IR
freund98self,ML
frey99estimating,ML
friedman01multivariate,IR
friedman99learning,DB
fuhr01digital,IR
fuhr98hyspirit,IR
funkhouser02search,IR
funt98is,ML
gabbard98usability,HCI
gaizauskas98information,IR
gajos01design,HCI
gal01managing,IR
galanis01following,DB
galhardas00extensible,DB
galhardas01improving,DB
gallwitz98erlangen,AI
gandon02multiagent,IR
ganti98clustering,ML
garcke02classification,ML
garland00learning,HCI
gaskett00reinforcement,ML
gaudiano99neurobotic,ML
gelati01agents,Agents
gellersen00adding,HCI
gendelman00fast,Agents
georgeff99beliefdesireintention,Agents
germans01virpi,HCI
ghani00data,IR
ghani00using,IR
ghani01combining,IR
ghani01using,ML
ghavamzadeh01continuoustime,ML
giampapa00agent,Agents
gibbins01scalability,Agents
gimbel01data,DB
ginsberg99gib,ML
ginsburg98annotate,IR
giorgini01multiagent,Agents
giraud-carrier98beyond,AI
girod00development,HCI
giunchiglia01tropos,Agents
glance00community,HCI
globig94casebased,ML
globig95learning,ML
glover00web,IR
glover01improving,IR
glover02using,IR
glover99architecture,IR
glover99recommending,IR
goasdoue00rewriting,DB
godbole01document,IR
godfrey97minimization,IR
godfrey98integrity,DB
goecks99automatically,IR
goguen00overview,HCI
goguen99social,HCI
goldberg00eigentaste,IR
goldberg99coordinating,AI
goldberg99genetic,ML
goldberg99optimizing,ML
goldman00enhancing,IR
goldman98interactive,IR
goldstein00creating,IR
goldstein99automatic,IR
goller99connectionist,ML
goller99feature,ML
gomes02versus,DB
gomoluch01information,Agents
good99combining,IR
goodman01representation,ML
gotoh00language,IR
gotoh00topicbased,IR
gottlob02monadic,IR
gouveia98end,HCI
gouveia98technological,HCI
gouveira98feasibility,HCI
graef00construction,HCI
graham00towards,Agents
grahne01algebraic,DB
grandi00generalized,DB
granger02multiscale,AI
granlund01patternsupported,HCI
grasso99augmenting,IR
gratch00emile,Agents
gray01dagents,Agents
gray99finding,Agents
green01sdlip,IR
greenberg01phidgets,HCI
greenberg98using,HCI
greenberg99adapting,HCI
greenwald01autonomous,Agents
greiff98theory,IR
grieser00unifying,IR
griffiths01query,DB
griffiths95concept,ML
griffiths99cooperative,Agents
grignon99configuration,ML
grignon99multiobjective,ML
grimm00revisiting,DB
grimm01systems,Agents
grishman01adaptive,IR
groh99automated,DB
grolimund95integrating,ML
grumbach00manipulating,DB
grundy01developing,HCI
grundy01software,DB
guessoum99from,Agents
guestrin02algorithmdirected,ML
guillaume02web,IR
gullickson98using,IR
gunn98support,ML
guo00learning,IR
gurret99basis,DB
gustafson00adapt,HCI
ha98geometric,AI
haarslev99description,AI
haddaway99overview,ML
hahn95integrating,HCI
halevy00theory,DB
hammer99information,DB
han99automated,ML
han99efficient,ML
handschuh02authoring,IR
hannebauer99composable,Agents
hannebauer99dynamic,Agents
hannebauer99rapid,Agents
hanson99scalable,DB
harel00characterizing,HCI
harel99workload,HCI
harik99linkage,ML
harik99parameterless,ML
haritsa00realtime,DB
hart99comparing,ML
hattori99socialware,Agents
hatzilygeroudis00neurules,AI
hatzilygeroudis01hymes,AI
hatzilygeroudis02multiinference,AI
haveliwala02evaluating,IR
hawking01measuring,IR
hawking01which,IR
hayashi00comparison,AI
hayden99architectural,Agents
haynes96learning,ML
hayzelden99agent,Agents
hazelhurst98binary,DB
he00comparative,IR
heidemann01building,IR
heinonen96www,IR
heintz00robosoc,Agents
heinze99plan,Agents
heinzmann98visual,AI
hekanaho98dogma,AI
hellerstein00recognizing,IR
hellerstein98optimization,DB
helmer01automated,Agents
helmer01software,Agents
helvik01using,Agents
herbrich99regression,IR
herbrich99support,IR
herlea01secure,Agents
herlocker00explaining,IR
hermansky98traps,DB
hermansky99temporal,DB
hermsdorf98webadapter,HCI
hero98robust,ML
hero99estimation,ML
heskes98solving,DB
hespanha99multipleagent,Agents
hetzler98multifaceted,HCI
heydon01vesta,HCI
higgins99integrated,AI
hightower01realtime,HCI
hightower01survey,HCI
himberg01time,HCI
hindriks00architecture,Agents
hinze01how,IR
hirai99webbase,IR
ho01economic,ML
hoadley99between,HCI
hodkinson99decidable,DB
hofmann99probabilistic,IR
hohl99nexus,HCI
holden97visual,HCI
holden99adaptive,HCI
hollerer99exploring,HCI
hollerer99situated,HCI
holliday00database,DB
holliday00exploiting,DB
holmquist00play,HCI
holmquist99supporting,HCI
holtman98automatic,DB
honavar98distributed,DB
hoppenbrouwers98browsing,IR
hoque98information,HCI
horling01using,Agents
horling99diagnosis,Agents
horling99using,Agents
horn01ai,AI
horrocks98using,AI
horvitz99principles,HCI
hoste00rule,ML
hourcade99architecture,HCI
howe97examining,ML
howe97savvysearch,IR
howell98learning,HCI
howell98towards,HCI
howell99gesture,HCI
hsu02genetic,ML
hu00mobile,Agents
hu01overview,IR
huang00dialogue,HCI
huang00running,HCI
huang01appliance,HCI
huang01architecture,Agents
huang01programmability,Agents
huffman94instructable,ML
huffman95flexibly,ML
huget02agent,Agents
huget02application,Agents
huget02desiderata,Agents
huget02extending,Agents
huget02language,Agents
huget02model,Agents
hunter00merging,DB
hunter98ramification,AI
huntsberger98bismarc,AI
hupfeld00spatially,HCI
hussain98attribute,ML
hustadt00normal,DB
hustadt00verification,Agents
ian99kea,IR
ianni01intelligent,IR
iglesias99survey,Agents
iglezakis00towards,ML
ijspeert98evolving,ML
ijspeert99evolution,ML
iksal01revisiting,IR
ileperuma01mpeg,HCI
inoue01controlling,Agents
inoue99computing,DB
inza99feature,ML
ipeirotis01probe,IR
ishida99digital,Agents
isokoski01model,HCI
itskevitch01automatic,IR
itti98model,ML
itti99comparison,ML
itti99learning,ML
ives00adaptive,DB
iyer00boosting,IR
jacob99software,HCI
jagadish99querying,DB
jaimes00integrating,ML
jain00comparison,IR
jain99statistical,ML
jakobi98minimal,ML
jakobi98running,AI
jalali-sohi01integrated,Agents
jalali-sohi01multimodal,Agents
jamil00gql,DB
jamil01case,DB
jamil99belief,DB
jansche01information,IR
jansen00mobile,AI
jantke93casebased,ML
jantke93types,ML
jantke94nonstandard,ML
jantke95communications,ML
jantke97logical,ML
jantke97necessity,ML
jantke97theoretical,ML
japan98learning,AI
jarke00concept,DB
jarke99architecture,DB
jeh02scaling,IR
jeh02simrank,IR
jenkins00primitivebased,ML
jennings00autonomous,Agents
jennings00implementing,Agents
jennings01aspects,HCI
jennings95controlling,Agents
jennings99robust,HCI
jensen99learning,AI
jiang02path,DB
joachims00estimating,IR
joachims01statistical,IR
joachims02unbiased,IR
joachims99transductive,IR
johns01how,Agents
johnson00affectively,HCI
johnson99cambridge,IR
joho02hierarchical,HCI
jonker01temporal,Agents
jonker99multiagent,Agents
jonsson00planning,DB
jonsson01automated,ML
jordan98introduction,ML
jording97anthropomorphic,HCI
joseph01why,Agents
joslyn99levels,HCI
joslyn99semiotic,HCI
jourlin99general,IR
jr99identifying,AI
junker98learning,ML
jurisica96inductive,ML
kaburlasos00learning,ML
kadobayashi98seamless,AI
kagal01highly,HCI
kakas01abduction,DB
kalfoglou01integration,IR
kalganova99evolving,ML
kaljuvee01efficient,IR
kallmann99behavioral,Agents
kan01domainspecific,HCI
kang00visualization,HCI
kang01qrtdb,DB
kantarcioglu02privacypreserving,DB
kanungo99omnipage,IR
karadkar00evolution,IR
kargupta01mobimine,HCI
karkanis00image,IR
karlgren98iterative,IR
karlgren98stylistic,IR
karnik99security,Agents
karypis00concept,IR
kasif98probabilistic,AI
kaski98dimensionality,ML
kaur98improving,HCI
kayan99evaluation,DB
keim99proverb,IR
kemme00new,DB
kemme98suite,DB
kendall00java,Agents
kendall97application,HCI
kennedy98anomaly,AI
kennedy99distributed,Agents
kervrann00level,AI
khaled98gado,ML
khanna01computing,IR
khudanpur99maximum,IR
kiciman00using,HCI
killijian01towards,HCI
kim00heterogeneous,IR
kim00using,IR
kim01secret,Agents
kim99compensatory,Agents
kim99effective,DB
king98practical,DB
kinny96methodology,Agents
kinny97modelling,Agents
kirste01reference,HCI
kitano97robocup,Agents
kitano99robocup,HCI
klein91supporting,Agents
klein99computer,HCI
kleinberg98microeconomic,ML
klesen00exploiting,HCI
klinkenberg00detecting,IR
knight00system,HCI
knight00virtual,HCI
knight01visualisation,HCI
knoblock00accurately,IR
knowles99evolutionary,ML
knowles99pareto,ML
knublauch00towards,Agents
knublauch02extreme,Agents
kobayashi00information,IR
kobayashi99information,IR
kobsa99adapting,HCI
koch00integrating,IR
koch99simple,DB
kodratoff00comparing,IR
kohrs99improving,IR
kokku02halfpipe,IR
koller98probabilistic,AI
kollios99nearest,DB
kolp01architectural,Agents
kon00flexible,HCI
kon00secure,Agents
kon00using,HCI
konda01actorcritic,ML
kononenko95induction,ML
konrad98model,DB
konrad99model,DB
koperski98mining,DB
kopp00knowledgebased,Agents
kopp00planning,Agents
kortuem99close,HCI
kosala00web,IR
kosch99managing,DB
koskela00picsom,HCI
koster99normalization,IR
kostiadis99multithreaded,Agents
kotagiri01transaction,Agents
kotz99mobile,Agents
koubarakis99querying,DB
koubarakis99tractable,DB
kowalski98executing,DB
kowalski98from,Agents
krasnogor00memetic,IR
kreuziger92application,ML
kriegel00managing,DB
krink00parameter,Agents
krishnamurthy01dynamic,IR
krisnamurthy00intelligent,Agents
kruegel02distributed,Agents
krum02speech,HCI
kruschwitz00extracting,DB
kruschwitz01exploiting,IR
kubiatowicz00oceanstore,HCI
kueng01holistic,DB
kullbach99querying,DB
kumar00adaptive,Agents
kumar01behaviorbased,ML
kumar98beyond,DB
kumova00flexible,DB
kuo00web,IR
kurimo99latent,IR
kurki99agents,IR
kushilevitz98efficient,IR
kushmerick00wrapper,IR
kushmerick02adaptive,IR
kushmerick02finitestate,IR
kusiak00decomposition,ML
kusiak01galgorithm,ML
kutulakos96affine,HCI
kwedlo99evolutionary,ML
kwok01scaling,IR
kwok98automated,ML
laaksonen99picsom,IR
labrou01standardizing,Agents
labrou99agent,Agents
labrou99interoperability,Agents
lacher01facilitating,IR
lacorte99agent,Agents
lagoze01open,IR
laird94evolution,ML
lam00broadcasting,HCI
lam01broadcasting,HCI
lam01overview,IR
lam99broadcast,DB
lam99feature,ML
lamma99strategies,Agents
landau01atnosferes,Agents
landau02comparison,ML
langheinrich00first,HCI
langley94oblivious,ML
langley95acquisition,ML
langley95applications,ML
larocque00reversible,AI
larsen01probabilistic,IR
lau00version,ML
lau99privacy,IR
lau99programming,ML
lauzac01view,DB
lavalle99randomized,AI
lavalle99visibilitybased,AI
laviola99flex,HCI
laviola99msvt,HCI
laviola99wholehand,HCI
lavrac00intelligent,AI
lawrence00context,IR
lawrence98context,IR
lawrence98searching,IR
lawrence99searching,IR
lawrence99text,IR
layzell98new,AI
lee00spectral,ML
lee00training,AI
lee01collaborative,IR
lee99unifying,ML
lempel01picashow,DB
lenzmann97contractnetbased,HCI
leonhardi99virtual,HCI
lerman00coalition,Agents
lerner99comparative,ML
lesh99using,HCI
lester97cosmo,HCI
leung01towards,IR
leung98probabilistic,ML
leuschel98creating,DB
levene00computing,IR
levene01web,IR
levene99justification,DB
levene99probabilistic,DB
levison96connecting,Agents
li00automatic,IR
li01characterizing,AI
li01indexing,DB
li01minimizing,DB
li01webdocument,DB
li98adome,DB
li98automatic,ML
li99multifaceted,DB
libkin99power,DB
liebig99event,DB
liechti00digital,HCI
liechti99nonobtrusive,IR
lien98automated,ML
lienhart02localizing,IR
likas99training,ML
lim00comparison,ML
lim98extracting,DB
lin01efficiently,DB
lin01indexing,IR
lin02acird,IR
lin02discovering,IR
lind01issues,DB
lisetti00automatic,ML
liskov99providing,DB
litman99empirically,DB
littman99solving,IR
liu00design,DB
liu00extended,ML
liu00implementation,DB
liu00learning,ML
liu00threedimensional,HCI
liu01drawcad,DB
liu01rulebased,DB
liu98face,ML
liu98logical,DB
liu98relationlog,DB
liu98statistical,IR
liu99deductive,DB
liu99face,ML
liu99olog,DB
liu99overview,DB
liu99partial,DB
liu99rol,DB
livingston01closing,ML
ljungstrand00analysis,HCI
ljungstrand99wearboy,HCI
ljungstrand99webwho,HCI
llc00deep,IR
llirbat01filtering,DB
lobo99extended,ML
locatelli00simulated,AI
logan00distributed,Agents
lohse97consumer,HCI
lomuscio00classification,Agents
lomuscio96qlb,Agents
lopesdeoliveira99framework,DB
lopez01framework,Agents
lovell98feature,ML
low01simulated,HCI
loyer99computing,DB
luck01conceptual,Agents
lueg00information,HCI
lueg98supporting,IR
lukasiewicz00probabilistic,DB
luo02hybrid,AI
lutz99complexity,AI
luyten01xmlbased,HCI
lyons00guided,HCI
macintyre96future,HCI
mackay98augmented,AI
macskassy01intelligent,IR
madden01fjording,DB
madhavan01generic,DB
maedche02bootstrapping,IR
magoulas01hybrid,AI
mair99investigation,ML
makar01hierarchical,ML
malec00implementing,Agents
malis98positioning,AI
maloof99machine,ML
mamoulis98integration,DB
mandl01topographic,HCI
maneewongvatana99analysis,ML
mankoff00providing,HCI
mankoff98bringing,ML
manmatha01modeling,IR
mann01partial,HCI
mann01validating,IR
mann02testing,IR
mannila99prediction,ML
manolescu01efficient,DB
manolescu01microworkflow,IR
mao01adaptivefp,DB
marchionini98interfaces,HCI
marchiori98simple,ML
marin01hybrid,ML
marini00hemasl,Agents
marini00specification,Agents
mark00multiagent,Agents
markatos98effective,IR
markatos99caching,DB
marmasse00locationaware,HCI
marmasse99commotion,HCI
marques00going,IR
marques01integrating,Agents
marques01providing,Agents
marques02componentbased,Agents
marquez00machine,ML
marsella00interactive,Agents
marsella98instructors,Agents
marsella99being,Agents
marsh00maintaining,HCI
marsh00using,HCI
marsh01evaluating,HCI
marsh01guiding,HCI
marsh99cooperative,HCI
marsic01adaptive,HCI
martelli99logic,Agents
martelli99specification,Agents
martin00knowledge,IR
martin99embedding,AI
martinez00recognition,ML
martinez99face,ML
mascardi99agentbased,Agents
mascolo99finegrained,Agents
massink99towards,HCI
mataric00sensorymotor,Agents
mataric99making,Agents
mateer99highlyavailable,Agents
matthews00fuzzy,ML
matthews99fuzzy,AI
matzinger98computational,DB
maurer00second,AI
may99how,DB
maynard01named,IR
mayol00wearable,HCI
mayol02designing,HCI
mazumdar99achieving,DB
mcbreen00experimental,Agents
mcbreen01evaluating,Agents
mccallum00maximum,IR
mcdonald00heterogeneous,DB
mcgovern01automatic,ML
mcgowan02who,IR
mcguinness00conceptual,AI
mchugh98indexing,DB
mchugh99optimizing,DB
mcilraith01semantic,IR
mcroy95repair,Agents
mcroy98achieving,AI
medl98multimodal,HCI
meeden98trend,AI
meier01towards,HCI
melin01atlas,HCI
menczer01evaluating,IR
menczer02topicdriven,IR
menczer99adaptive,IR
meng98data,IR
meng99database,DB
meng99estimating,IR
menzies00issues,AI
meretakis00scalable,IR
merro01bisimulation,Agents
mertz00influence,HCI
mertz00pushing,HCI
mertz98conception,HCI
merz99genetic,ML
meuss98dag,IR
meuss99improving,IR
meyer99automatic,HCI
meyer99constraint,HCI
miagkikh99generalized,ML
michaelides98uniform,IR
michail99assessing,IR
michaud01using,Agents
michaud98learning,AI
michaud99managing,AI
michaud99representation,AI
middleton01capturing,IR
middleton02exploiting,IR
mihalcea98word,AI
mihalcea99word,IR
miles00designing,Agents
milicevic00socratenon,DB
miller00training,Agents
miller01training,Agents
miller99genetic,ML
milo00typechecking,DB
minar99cooperating,Agents
minar99hive,Agents
mirmehdi01extracting,HCI
mistry01materialized,DB
mitra01data,ML
mittal99selecting,IR
mitzenmacher01estimating,IR
mizoguchi00using,AI
mk00implementing,DB
mladenic98turning,IR
modha00clustering,IR
moerland00line,AI
moghaddam98beyond,DB
mohan01efficient,DB
mohan99repeating,DB
moizumi98mobile,DB
molz00design,ML
moon00scalable,DB
moon98scalable,DB
mooney00contentbased,IR
moran99improvement,ML
more00tertiary,DB
moreau00mobile,Agents
moreno95alisis,Agents
moreno96limited,Agents
moreno97dynamic,Agents
moreno97how,Agents
morley96semantics,Agents
morse00collablogger,HCI
mortazavi-asl01discovering,DB
moukas96amalthaea,IR
mudgal00bilateral,Agents
muhlenbein99convergence,ML
muller00eventdriven,HCI
muller01cube,HCI
mundell99towards,HCI
munetomo99identifying,ML
munro99footprints,HCI
munroe00bbq,DB
munzner95visualizing,HCI
murphy01bayes,AI
murphy01lime,Agents
murray01specifying,Agents
murray98kaleidoquery,DB
murthy00concept,IR
murthy99context,IR
muscettola98reformulating,AI
muslea00selective,ML
muslea01hierarchical,IR
muslea99hierarchical,ML
muth99integrating,DB
myers01interacting,HCI
myers96easily,HCI
myers97amulet,HCI
myers98brief,HCI
nagi99implementation,Agents
nahm00mutually,ML
nahm00using,ML
nahm01mining,ML
nahm02text,IR
najork01breadthfirst,IR
najork01highperformance,IR
nambiar01benchmarking,DB
namee01proposal,Agents
narayanan99reasoning,DB
nareyek00intelligent,Agents
nascimento99evaluation,DB
naumann00assessment,IR
naumann00completeness,IR
naumann01from,DB
navarro00adding,DB
neaves98dynamic,HCI
nehaniv99constructive,Agents
nehaniv99meaning,Agents
neti00perceptual,HCI
neumann99augmented,HCI
neumann99constructing,HCI
neumann99experience,AI
ng01stable,IR
ng98reconfiguring,DB
nguyen00active,Agents
nguyen01monitoring,IR
nguyen98strict,AI
nichols01using,HCI
nicola99increasing,DB
nie01joint,DB
nie01mining,DB
nigam00analyzing,IR
nigam01using,IR
nigam99text,DB
nijholt00multimodal,HCI
nissen99repository,DB
noda99discovering,ML
nodine98overview,DB
nodine99active,DB
noh99uncertain,Agents
norling01learning,Agents
norman00argument,Agents
norman95goal,Agents
norman96alarms,Agents
norman97motivationbased,Agents
norrie00extended,DB
norrie02webbased,IR
nottelmann01learning,IR
nottelmann01mind,IR
nrvag98analytical,DB
nrvag98optimizing,DB
nrvag99vagabond,DB
nrvg99persistent,DB
nwana99perspective,Agents
oakley00putting,HCI
oard01clef,HCI
oard01evaluating,HCI
obitko01ontologies,AI
obrst97constraints,Agents
obst01specifying,Agents
ockerman98preliminary,HCI
oh00efficient,IR
okamoto02supporting,HCI
oliboni01temporal,DB
oliveira00agents,IR
oliver98graphical,Agents
oliver98statistical,Agents
oliver99bayesian,ML
olson00probabilistic,AI
olson98probabilistic,AI
olson99subpixel,AI
omer00javacorba,AI
omlin98equivalence,ML
onoda98asymptotic,ML
opper99mean,ML
ordonez00discovering,AI
ordonez01mining,AI
ordonez99discovering,ML
oria99defining,DB
oria99visualmoql,DB
ormoneit01learning,HCI
orovas00cellular,ML
orovas98cellular,ML
orr00smart,HCI
ostrovsky01polynomial,IR
overeinder02multiagent,Agents
oviatt99ten,HCI
oyama00cooperative,Agents
oyama01keyword,IR
ozden98cyclic,DB
padgett98simple,ML
page98pagerank,IR
pagonis99evolving,IR
pal01rough,ML
pal02web,ML
palacz99isomorphism,DB
palen99social,HCI
pan00prosody,ML
panayiotopoulos98intelligent,Agents
pandurangan02using,IR
pant02exploration,IR
pant02myspiders,IR
pantic00expert,AI
panzarasa01organisation,Agents
panzarasa01social,Agents
panzarasa02formalizing,Agents
panzarasa99modeling,Agents
papadias01efficient,DB
papadias01indexing,DB
papadias99constraintbase,DB
papadopoulos00models,HCI
papaioannou01manufacturing,Agents
papakonstantinou98query,DB
papazoglou99contextualizing,IR
paradis98language,DB
paradis98virtual,DB
paradiso00design,HCI
paradiso00footnotes,HCI
paradiso99cybershoe,HCI
paradiso99interactive,HCI
parekh00constructive,ML
paris00common,AI
park01analysis,IR
park01segmentbased,DB
park98alternative,DB
park99costbased,DB
parker00current,ML
parker98adaptive,AI
parsons98agents,Agents
parsons98argumentation,Agents
parsons99approach,Agents
parthasarathy01tackling,ML
parunak01erims,Agents
pascoe98adding,HCI
paton99active,DB
patterson02context,HCI
paulson00inductive,ML
pavlovic96gestural,HCI
pavlovic97visual,HCI
pazzani00representation,IR
pedersen99supporting,DB
pelikan99bivariate,ML
pelikan99boa,ML
pelikan99parameterless,ML
pelillo99continuousbased,ML
peng01automatic,IR
pentland99digital,HCI
peters02using,HCI
petrak95objectoriented,ML
pfister98room,HCI
pfoser00novel,DB
phan01new,HCI
phan01scalable,Agents
phan02extensible,HCI
piater00distinctive,ML
piater99toward,ML
picard98humancomputer,HCI
picault00robots,Agents
picco99lime,Agents
piekarski99architecture,HCI
pinheirodasilva00generating,HCI
pinheirodasilva00umli,HCI
pinheirodasilva00user,HCI
pirjanian00campout,ML
pirjanian00multirobot,ML
pirjanian99behavior,Agents
pitoura01locating,Agents
pitoura99exploiting,DB
pitoura99scalable,DB
plagianakos01tumor,AI
plaisant99design,HCI
poggi00eye,Agents
pohl99machine,IR
polani99fast,ML
pollack99adjustable,AI
ponnekanti01icrafter,HCI
popescul00automatic,IR
popescul01probabilistic,IR
popescul02towards,IR
potter01heterogeneity,ML
poupyrev98virtual,DB
pouwelse99feasible,HCI
pouzol01from,AI
powell00impact,DB
prasad96cooperative,ML
prasad96distributed,ML
prasad96offline,ML
prasad99learning,Agents
precup01offpolicy,ML
prendinger00hyper,DB
prendinger01social,Agents
prentzas01webbased,AI
prentzas02webbased,AI
prodromidis99comparative,ML
prokopenko00cyberoos,Agents
prokopenko98designing,Agents
prokopenko99situated,Agents
przymusinski98autoepistemic,AI
puliafito00map,Agents
puliafito00using,Agents
punin01web,IR
punyakanok01use,IR
puzicha99theory,IR
pynadath99toward,Agents
quan00argos,DB
quek95eyes,HCI
queloz99foreign,Agents
rabarijaona99building,IR
racine97maintaining,ML
radev02probabilistic,IR
rafter00automated,IR
raghavan01crawling,IR
ragsdale00adaptation,AI
rahwan00virtual,Agents
ram90incremental,ML
ramakrishna00similarity,DB
ramampiaro00supporting,IR
raman01potters,DB
randell00shopping,HCI
randell02well,HCI
rao94meansend,Agents
rao95bdi,Agents
rao95formal,Agents
rao96agentspeakl,Agents
rao97unified,Agents
rasheed97guided,ML
rasheed98adaptive,ML
raskar01interacting,HCI
rauber01automatically,IR
rauber01integrating,IR
rauterberg97gesture,HCI
rauterberg98build,HCI
ravat99towards,DB
ray01representing,IR
reddy01coordinating,HCI
rehg99visionbased,AI
reijers01requirements,HCI
reitmayr01mobile,HCI
reitmayr01wearable,HCI
renambot00cavestudy,HCI
rennie01improving,IR
resnik98parallel,IR
resnik99mining,IR
rey01location,HCI
rhodes99wearable,HCI
ricci01enlightened,Agents
ricci97extending,ML
rickel98animated,Agents
rickel98taskoriented,Agents
riedel98active,ML
riely99trust,Agents
rigoll99statistical,HCI
riley00behavior,ML
rintanen98planning,AI
rizzo97personalitydriven,HCI
robbert01astrolabe,IR
robinson99requirement,HCI
rocha00biologically,HCI
rocha99syntactic,HCI
roddick00beyond,DB
roddick99towards,DB
rodriguez00learning,DB
rom00gaia,HCI
roman00legorb,HCI
romer01smart,HCI
roobaert00comparison,ML
roobaert00directsvm,ML
roobaert99viewbased,ML
rosales00hand,HCI
rosales99trajectory,AI
rosario99synthetic,ML
rosenfeld00two,IR
rosenstein99continuous,ML
rosenthal00view,DB
rosenthal01administering,DB
ross98complex,DB
roth00snowbased,ML
roth00using,HCI
roth01programming,Agents
roth01relational,IR
roth01scalable,Agents
roth98learning,ML
roubos00compact,ML
roubos00learning,ML
roumeliotis99circumventing,AI
rousseau96personality,Agents
rousseau97improvisational,Agents
rousseau97socialpsychological,Agents
rousskov98cache,DB
rowley98rotation,ML
roy00computational,ML
roy00finding,HCI
roy00integration,ML
roy01toward,IR
roy99coastal,AI
rui00optimizing,ML
rui99image,IR
rundensteiner98capacityaugmenting,DB
rungsarityotin00finding,HCI
ryu01application,AI
sabater99engineering,Agents
sachdev98exploration,Agents
sachdev98spatial,Agents
sadri00abduction,DB
sadri99abduction,DB
sadri99computational,Agents
sahin98visual,AI
saif01communication,Agents
sakakibara94learning,ML
sakama99updating,DB
salles98development,DB
salvucci00intelligent,HCI
sampaio00design,DB
sampaio98deductive,DB
samtani98recent,DB
sanchez98agora,IR
sandholm01algorithm,Agents
sandholm01cabob,Agents
sandholm01market,Agents
sandholm01side,Agents
sandholm01winner,Agents
sandholm99algorithms,Agents
santini01query,IR
santini99similarity,IR
santos97introductory,HCI
santos99dynamic,Agents
sarawagi00data,IR
sarawagi98discoverydriven,DB
sarkar01applying,IR
sarwar01itembased,IR
sastry01cluster,AI
sastry01efficient,AI
sato01parameter,ML
satoh01flying,Agents
satoh01network,Agents
sattler01data,DB
sawhney99nomadic,HCI
scassellati98building,AI
scassellati99knowing,ML
scerri99ease,Agents
schadler97connectionist,ML
schadler98application,ML
schaedler97connectionist,ML
schallehn02extensible,DB
schaller99objectivitydb,DB
schaller99reclustering,DB
schapire98boosting,IR
schattenberg00planning,Agents
sche01active,IR
scheffer01active,IR
schein01generative,IR
scheuermann98data,DB
schiele99attentional,HCI
schiele99situation,HCI
schimkat01maintaining,Agents
schmalstieg00bridging,HCI
schmalstieg99using,HCI
schmidt00implicit,HCI
schmidt00novel,ML
schmidt01how,HCI
schmidt01xml,DB
schmidt99advanced,HCI
schmill99learned,AI
schmitt98relating,ML
schnattinger98qualitybased,ML
schndelbach01augurscope,HCI
schneider00disseminating,HCI
schneider99distributed,ML
schohn00less,IR
scholer02compression,IR
schroeder01fuzzy,ML
schuldt99concurrency,DB
schuldt99transactional,DB
schuldt99transactions,Agents
schulte99spontaneous,AI
schuster98neural,ML
schut00intention,Agents
schut01principles,Agents
schwab00learning,IR
schwabacher96use,ML
schwabacher98multilevel,ML
schweighofer01automatic,IR
schweighofer01improving,IR
schweiss99architecture,Agents
scime01websifter,IR
self01design,Agents
sen98individual,ML
sengupta99constructing,DB
seo00reinforcement,IR
setiono99mapping,ML
setzkorn02evolving,ML
seymore99learning,ML
shah99amdb,DB
shan98introduction,DB
shankar00weight,IR
shanmugasundaram99efficient,DB
shapiro98embodied,AI
shapiro99snep,AI
sharma96speechgesture,HCI
shasha02algorithmics,IR
shavlik98building,ML
shavlik99instructable,IR
shaw98clause,DB
shehory99emergent,Agents
shehory99feasible,Agents
sheng99graph,DB
sherrah00fusion,ML
shintani98parallel,DB
shkapenyuk01design,DB
shneiderman00direct,HCI
shneiderman99creating,HCI
shneiderman99supporting,HCI
shu98using,DB
siddiqi98shock,ML
silverman01more,Agents
sim00to,ML
sim99learning,ML
sima00computational,AI
sima01computational,AI
simmons00first,Agents
simula99selforganizing,ML
singhal01case,IR
singhal99document,IR
singletary01learning,HCI
singletary01symbiotic,HCI
sintek01using,IR
sistla98querying,DB
skarmeas99component,Agents
skow02security,HCI
slaughter00open,IR
slivinskas00foundation,DB
slivinskas01adaptable,DB
sloman01varieties,Agents
sloman02how,HCI
sloman98architectures,DB
sloman98damasio,AI
sloman99building,Agents
slonim00document,IR
slonim01power,IR
sma98theory,ML
smeaton97relevance,IR
smith00conversation,HCI
smith00neural,DB
smith01management,IR
smola01regularized,IR
smola98from,ML
smola98general,ML
smyth01data,ML
smyth99surfing,IR
snoek02stateart,IR
snyders00confseek,IR
soderland01building,IR
soderland99learning,IR
son02qos,DB
soundalgekar01internet,IR
sparkman01automated,Agents
spelt99theorem,DB
spoelder00man,HCI
squire99improving,IR
sreerupa98dynamic,ML
srinivasan02target,IR
srinivasan02web,IR
staab00from,DB
stader98intelligent,AI
stanley01evolving,ML
stanoi00reverse,DB
stanoi98weak,DB
stanoi99decentralized,DB
starner00gesture,HCI
starner98realtime,HCI
starner98visual,HCI
steel02finding,ML
steiner98omsjava,DB
stepaniuk98optimizations,ML
sterritt00exploring,AI
sterritt01soft,ML
stevens01oiling,IR
stewart99single,HCI
stockinger01design,DB
stockinger01towards,DB
stocky02conveying,HCI
stolzenburg00spatial,Agents
stolzenburg01from,Agents
stone01architecture,ML
stone98layered,AI
stonebraker01content,DB
straccia01reasoning,ML
streitz01roomware,HCI
streitz98roomware,HCI
streitz99iland,HCI
sturm00firstorder,DB
sturm00tableau,DB
su00prediction,DB
su00replicable,Agents
su00whatnext,DB
subramanian98costbased,DB
sudo01automatic,IR
sukhatme99embedding,HCI
sullivan98tribeca,DB
sullivan99model,HCI
sun01individual,ML
sun01world,IR
sun98some,AI
sun99from,ML
sun99hybrid,ML
sun99optional,DB
sun99symbol,ML
sure02ontoedit,IR
surmann00five,ML
surmann01learning,ML
suryadi99learning,Agents
suthers01collaborative,HCI
sutton93online,ML
svidzinska01world,IR
swindells00system,HCI
sycara95using,ML
sycara98context,IR
szabo95virtual,HCI
szummer01kernel,IR
szummer02partially,IR
szymkowiak01hierarchical,IR
tabuada01feasible,Agents
takahashi00location,IR
takahashi98mobile,IR
talim01controlling,IR
tambe00adaptive,Agents
tammer96learning,ML
tan01infocockpit,HCI
tan01predictive,ML
tan01trust,Agents
tandler01software,HCI
taniguchi01mining,IR
tarau99jinni,Agents
tari00cache,DB
tauber00localebased,IR
tawfik01temporal,DB
taylor99virtual,HCI
tenhagen01continuous,ML
terrillon98automatic,ML
terveen98evaluating,HCI
terveen99constructing,HCI
tews02gday,Agents
theilmann99disseminating,Agents
thevenin99adaptation,HCI
thies02searching,IR
thomas00creating,DB
thomas98wearable,HCI
thomason00desires,Agents
thompson99active,ML
thrun98framework,ML
thrun98map,AI
tice00key,HCI
tice00practical,HCI
tieu00boosting,ML
timm00multiagent,IR
timm01enterprise,Agents
timm01from,Agents
timm01synthesis,Agents
tino98finite,ML
toenshoff01flexible,Agents
tomsich01optimizing,IR
tong00restricted,IR
torp99effective,DB
tourapis01advanced,ML
tourapis01temporal,ML
touzet01side,HCI
tova99active,DB
tran00videograph,DB
traum96reactivedeliberative,Agents
traum99speech,Agents
tresp98description,AI
triesch98gesture,AI
tripathi99mobile,Agents
tsap01feedback,HCI
tsoumakas01fuzzy,ML
tsuda00subspace,IR
turk00perceptual,HCI
turk98moving,HCI
turner00improving,Agents
turney00learning,IR
turney99learning,ML
tveit01survey,Agents
tzitzikas01democratic,IR
tzouramanis00multiversion,DB
tzouramanis00overlapping,DB
tzouramanis01time,DB
tzouramanis99overlapping,DB
tzouramanis99processing,DB
uhrmacher00modeling,Agents
uhrmacher00plug,Agents
ulrich00appearancebased,ML
ultis01adaboost,IR
urhan01dynamic,DB
urhan98costbased,DB
vagina03cryptographic,Agents
vaidya02privacy,DB
valencia98algebraic,AI
valencia98hitch,AI
vandendoel01foleyautomatic,HCI
vandertorre00contrarytoduty,Agents
vandertorre01contextual,Agents
vandertorre98diagnosis,AI
vandertorre99violation,Agents
vaneijk01generalised,Agents
vanhoof98specialising,DB
vanhoof99bottomup,DB
vanlaerhoven00teaching,HCI
vanlaerhoven00what,HCI
vanlaerhoven01combining,HCI
vanlaerhoven01realtime,HCI
vanschooten00process,Agents
vanschooten01structuring,HCI
vanschooten99report,Agents
vanthong00speechbot,IR
vanwelie00patterns,HCI
vanzwol99searching,DB
vardy99wristcam,HCI
varela99ant,ML
vasconcelos00bayesian,ML
vasconcelos99probabilistic,ML
vavouras00modeling,DB
vazov01system,IR
vdovjak01rdf,DB
veloso94learning,ML
veloso98playing,AI
veloso99cmunited,AI
ventura99isocrob,Agents
vianu01web,IR
viegas00collections,HCI
vilalta00quantification,ML
vilalta01rule,ML
vincent01agent,Agents
vitek99secure,Agents
vitter99external,DB
vogel01performance,IR
vogler99toward,HCI
vogt00how,IR
vogt99fusion,ML
voncollani99neurofuzzy,ML
vonhardenberg01barehand,HCI
wache01ontologybased,IR
wachsmuth01lifelike,HCI
wactlar00informedia,HCI
waern98concall,IR
wagner01xmlbased,IR
wagner97artificial,Agents
wagner99toward,Agents
wah00constrained,AI
wan01realtime,HCI
wang00argumentationbased,DB
wang00concept,IR
wang00experience,Agents
wang00nonmonotonic,DB
wang00using,IR
wang01agentoriented,Agents
wang01supporting,HCI
wang98quasistable,DB
wang98structure,HCI
wang99critical,DB
wang99discovering,DB
wang99hierarchical,Agents
wang99negation,DB
wang99ssuptree,DB
ware00reaching,HCI
ware00rotating,HCI
ware96evaluating,HCI
warshaw01facilitating,AI
warshaw98monitoring,DB
warshaw99rulebased,DB
watson99embodied,Agents
weber00unsupervised,ML
weber00viewpointinvariant,ML
weber01textual,IR
weinstein99agentbased,DB
weiss00building,Agents
weiss01predicting,AI
weiss98answer,ML
weiss98intelligent,ML
weiss98learning,ML
weiss99achieving,Agents
weiss99multiagent,Agents
wendler98cbr,AI
weng00incremental,ML
weng98visionguided,ML
weng99face,ML
werger00ayllu,ML
wermter01emergent,Agents
wersing00competitive,AI
wess94casebased,ML
wetzel98semantic,DB
white98towards,Agents
whittaker00jotmail,IR
wichert00compositionality,DB
wicke99compiling,Agents
widom00wsqdsq,DB
widyantoro99dynamic,IR
wiederhold95valueadded,HCI
wiederhold96conceptual,HCI
wiesmann99systematic,DB
wijngaards01mas,Agents
wijsen01query,DB
wijsen99generalizing,DB
wijsen99stringbased,DB
wijsen99temporal,DB
wilensky00digital,IR
wilhelm99introducing,Agents
wilke96framework,ML
williams01searchable,IR
williamson00approximating,AI
williamson00foundations,AI
williamson00random,AI
wills00open,ML
wills01open,ML
wilson01framework,Agents
windhouwer01flexible,IR
winikoff01simplifying,Agents
wisneski98ambient,HCI
witten00building,IR
witten01power,IR
witten99greenstone,IR
wittner00network,Agents
wolf00expert,AI
wolpert99general,ML
wolski00design,DB
wolski98fuzzy,ML
wolter00spatiotemporal,DB
wonsever01contextual,IR
wood00overview,Agents
wooldridge00agentoriented,Agents
wooldridge00computationally,Agents
wooldridge02model,Agents
wooldridge96logic,Agents
wooldridge96practical,Agents
wooldridge98intention,Agents
wooldridge98tableaubased,AI
wooldridge99methodology,Agents
wroblewski00analyzing,ML
wu00adaptive,HCI
wu00discriminantem,IR
wu00selfsupervised,IR
wu01capturing,HCI
wu01towards,IR
wu99firstorder,DB
wuwongse01xml,IR
xia99comprehensive,DB
xie02locality,IR
xu00maintaining,DB
xu01agentbased,Agents
xu01framework,Agents
xu02modeling,Agents
xu98neural,ML
yagiura99variable,ML
yang00improving,IR
yang00shopping,IR
yang00temporal,DB
yang01pms,Agents
yang98extraction,ML
yang98feature,ML
yang99mixtures,ML
yangarber01scenario,IR
yao98making,ML
yeates01memory,IR
yen01cast,Agents
yim00architecturecentric,Agents
yin00knowledgebased,Agents
yokoo02secure,Agents
yong01cooperative,ML
youll00impulse,Agents
younes00calibrating,ML
yu01indexing,DB
yu01progressive,DB
yu99efficient,IR
yu99finding,IR
yu99methodology,IR
yvon94selflearning,ML
zadorozhny01validating,DB
zaiane98discovering,DB
zaki00sequence,DB
zambonelli01emergence,Agents
zambonelli01organisational,Agents
zamir98web,IR
zamir99grouper,IR
zaragoza99dynamic,IR
zavrel00information,IR
zelikovitz00improving,IR
zhang01dyda,DB
zhang01efficient,DB
zhang01evolutionary,DB
zhang01maximum,IR
zhang01personalized,ML
zhang01pvm,DB
zhang01supporting,DB
zhang99evolving,ML
zhang99query,DB
zhang99sdcc,DB
zhang99situated,ML
zhang99towards,IR
zhao00sfs,ML
zhao02criterion,IR
zhao98empirical,ML
zhao99discriminant,ML
zheng98integrating,ML
zheng98stochastic,ML
zhou00implementation,DB
zhu00incorporating,IR
zhu00segmenting,HCI
zhu98line,ML
zini01caselp,Agents
zunino01representing,Agents
